;наименование;штрихкод
2045;Творог Вологжанка обезжир. 1,8 % 0,5 кг пакет;4601959006219, 4601959006974
2046;Творог Вологжанка 5 % 0,5 кг пакет;4601959007063,4601959006257
2047;Творог Вологжанка 9 % 0,5 кг пакет ;4601959007155,4601959006936
2075;Творог Вологжанка 5 % 0,3 кг пакет;
2076;Творог Вологжанка 9 % 0,3 кг пакет;
1019;Творог 18% ГОСТ весовой;
1001;Творог 9% ГОСТ весовой;
1020;Творог 5% ГОСТ весовой;
1015;Творог 5% ГОСТ стакан;4607025500872
1002;Творог 5% ГОСТ стакан;4607025500889
1029;Творог 9% ГОСТ стакан;
1024;Творог 5 % 300 гр ГОСТ контейнер;
1034;Творог 9% 300 гр ГОСТ  контейнер;
1003;Творог обезжиренный ГОСТ 1,8% весовой;
1025;Творог обезжиренный ГОСТ 1,8 % 300 гр контейнер;
-2;Творог 5% весовой (ЧерМолКомб);
9036;Творог  1,8 % 180гр в контейнере (п.Молочное);
1004;Сметана 20% ГОСТ стакан;4607025501497
1005;Сметана 20% ГОСТ стакан;4607025500810
1021;Сметана 20% ГОСТ стакан;4607025501756
2001;"Сметана "" Вологжанка"" карт.пакет 18%";4601959005434
2043;"Сметана "" Вологжанка"" стакан 400 гр 22%";4601959007490
2049;"Сметана "" Вологжанка"" карт пакет 240 гр";4601959007506,4601959000941
2078;"Сметана "" Вологжанка"" стакан 200 гр 22%";
8004;Сметана 20% 250 гр стакан; 4607173530073
9022;Сметана 15 % 200 гр.(пос.Молочное);4603427001177
9023;Сметана 25 % 200 гр.(пос.Молочное);4603427002006
1006;Молоко питьевое 3,2 % ГОСТ;4607025500339
1007;Молоко цельное отборное питьевое 4% ;4607025501220
1008;Молоко питьевое 2,0% ГОСТ;4607025501275
1027;Молоко питьевое 2,5% 1 ЛИТР;4607025500322
1009;Молоко питьевое 2,5%;4607025500346
2048;Молоко пастеризованное Вологжанка 2,5%;4601959000644
9001;Молоко питьевое 2,5% бутылка;4607009830975,4607009830575,4607009833194
2042;"Молоко питьевое пастериз.""Вологжанка"" 1,5%";4601959006264
2061;"Молоко питьевое пастериз.""Вологжанка"" 2,5%";4601959006271
2050;"Молоко питьевое пастериз.""Вологжанка"" 3,2%";
2068;Молоко цельное отборное питьевое  Вологжанка 3,4-4%;
2002;"Молоко топленое ""Вологжанка""";4601959006288
9011;Молоко ультрапастеризованное 1,5%;4600742009925
9012;Молоко ультрапастеризованное 3,2 % ;4600742009949
9017;Молоко ультрапастеризованное 3,5 % ;
9028;Молоко ультрапастеризованное 2,5%;4600742009932
9030;Молоко питьевое 2,5% 1 кг Грязовец;
9019;"Молоко ультрапастеризованное ""Вологодское"" 3,2 % 0,2 л";4603427002303
9020;"Молоко ультрапастеризованное ""Вологодское"" 2,5 % 1 л";4603427002051
9021;"Молоко ультрапастеризованное ""Вологодское"" 3,2 % 1,0 л";4603427002068
9041;Молоко Вологодское 3,2% (пос.Молочное);
9042;Молоко Вологодское 2,5% 1 л;
1016;Молоко топленое 3,5 % ГОСТ 470 гр ;
;Сливки 15 % ГОСТ;
2003;"Сливки питьевые 10% ""Вологжанка"" (7 сут)";4601959005441
2004;"Сливки питьевые 18% ""Вологжанка"" (7 сут)";4601959001412
1010;Кефир 2,5 % ГОСТ;4607025500223,4607025509998,4607025501398
1011;Кефир 1,0% ГОСТ;4607025501305,4607025501381
1031;Кефир 1,0% ГОСТ 1 кг;
1032;Кефир фруктово-ягодный 1 %  500 гр;
9006;Бифидок пакет;4660020260158 
9007;"Напиток кефирный ""Фруктовый"" 2,5%, ";
9033;Кефир 2,5%, 0,5л ;
2005;Биокефир маложирный 2,5%;4601959005465
2006;"Кефир ""Вологжанка"" 1%";4601959005595
2007;"Кефир ""Вологжанка""  в пакете с крышкой";4601959005373, 4601959003287
9025;Кефир 1% 950 гр;4603427002884
2008;"Простокваша ""Вологжанка""";4601959006646
1012;Ряженка 3,5% ГОСТ;4607025501077
2009;"Ряженка ""Вологжанка""";4607025501404
2010;"Продукт  к/м сл.  ""Снежок Вологжанка"" ";4601959005793
1026;Продукт к/м Снежок 470 гр;4607025501411
2011;"Пахта питьевая пастер ""Вологжанка"" ";4601959005366
1023;Пахта 1 кг;4607025501763
9003;Йогурт питьевой фруктовый 2,5% бутылка;4607009831442,4607009832562,4607009832302,4607009832982,4607009832562,4607009832302,4607009832982
2012;Йогурт питьевой фруктово-ягодный 1,5%;4601959006431,4601959006448,4601959006462,4601959006479,4601959006417
2013;Йогурт фруктово-ягодный 6% стакан;4601959006004,4601959005892,4601959005939,4601959005984,4601959005991,4601959005960,4601959005885,4601959005908,4601959006349
2014;Йогурт без наполнителя;4601959006660
2015;Биойогурт  фрукт.- ягодн. 2,5%;4601959003119,4601959003102,4601959003126,4601959003096
2016;Ацидофилин ;4601959006639
1017;Йогурт кисломолочный 6%  200 гр;4607025501800
1018;"Йогурт ""Малина"" 2,5%  300 гр";4607025501794
9031;"Йогурт фруктовый ""Клубника"" 2,5% (470г)";
9015;Сырки творожные глазированные 23 %;4600742010440
9032;Сырки творожные глазированные 12 % ;4600742010228
2017;"Сырки глазированные ""Вологоша"" ванильные";4601959005809
2018;"Сырки глазированные ""Вологоша"" с наполнителем";4601959005847,4601959005816,4601959005830,4601959005861,4601959005823,4601959005878
2019;"Сырки твор.сл.""Вологжанка"" с изюмом";4601959000866
2044;"Сырки твор.сл.""Вологжанка"" ванильный";4601959007469
2055;"Сырки твор.сл.""Вологжанка"" обезжиренные с изюмом";4601959007513
2020;"Масса СТАКАН твор.сл. с изюм.""Вологжанка"" ";4601959005182
2053;Масса ПАЧКА творожная сладкая с изюмом Вологжанка 18 % 220 г;4601959006356
9004;"Крем ""Чародейка""  4%-ый с фруктами";4607009832234,4607009832241
9024;"Творожный продукт ""Творожок"" в ас-те 130гр";4603427002426,4603427002488
2021;Коктейль молочный шоколадный;4601959006790
2059;"Коктейль ""Ванильное мороженое"" ";4601959007476
2062;"Коктейль ""Сливочная ириска"" ";4601959007643
2071;"Коктейль ""Банан"" ";4601959007650 
2077;"Коктейль  ""Манго - Дыня""";
2022;"Напиток сывороточный ""Бодрость"" с соком";4601959006592,4601959001351,4601959000835,4601959000828,4601959006585,4601959000842,4601959007537,4601959007544
2023;"Напиток сывороточный ""Квасной""";4601959002624
10001;"Квас  ""Дар Вологды"" ";4601959002914
1013;Масло Крестьянское 72,5 % контейнер;4607025501336
1014;Масло Традиционное 82,5 % контейнер;4607025501312
1033;Масло Традиционное 82,5 % контейнер 350 гр;4607025501329 
1030;Масло ШЕКСНА Крестьянское весовое;
2024;Масло  Вологодское фольга;4601959002914
2025;Масло Крестьянское фольга;4601959002921
2026;Масло Шоколадное;4601959003171
2027;Масло топленое;4601959003607
2052;Масло Вологодское в кер. Горшочке;4601959005564
2063;Масло сливочное Вологодское 0,9 кг туес ;
2064;Масло  Вологодское в боч. Роспись 0,35 ;
2067;"Масло  ""Вологодское"" 82,5%  туес 0,2 кг";
2069;Масло  Вологодское в бочонке Досочка 0,8;
2070;Масло сливочное Вологодское туес 0,4 кг;
2072;Масло  Вологодское в бочонке Досочка 0,45;
9037;"Масло топленое ""Устюжанка"" 200 гр";4607051841864 
9018;Масло Шоколадное 62 % (п.Молочное);4603427002976
9034;Масло сливочное Вологодское 180гр.(п. Молочное);4603427001313 
9035;Масло сливочное Любительское соленое  80,0%  180 г (п.Молочное);4603427003027 
9039;Масло крестьянское п.Молочное;
8001;Масло Крестьянское ТАРНОГА мал;4607173530196
8002;Масло Крестьянское ТАРНОГА больш;4607173530202
8005;Масло Крестьянское ТАРНОГА 1 кг;
8003;Масло Крестьянское весовое;
9040;Масло Крестьянское монолит (Тотьма);
9005;Молоко сухое цельное 26,0 % фас. 1кг ;4607009833125
9010;Сухое цельное молоко 26 % 400 гр;4600742010105
9013;Молоко сухое обезжиренное  фас. 500 гр ;
2028;Сыр плавленый колбасный копченый бат.300г;4601959006622
2074;Сыр плавленый колбасный копченый бат.400г;
12001;Сыр Адыгейский (кусочек 300гр);4607025501770
9014;сыр рассольный Сиртаки Классический 200гр;4607023233246
9043;Сыр Comella 40% рассольный 200 гр;
2054;Сыр Волжский весовой;
2056;Сыр Костромской весовой;
2060;Сыр Российский весовой;
2073;"Сыр"" Гауда-Углич"" весовой";
2029;"Сыр ""Волжский"" фас.";2031220002718
2030;"Сыр ""Пошехонский ""ИТ"" фас.";2032560003250
2031;"Сыр ""Костромской ИТ"" фас";2032520002736
2032;"Сыр ""Золотое Кольцо"" фас";
2033;"Сыр ""Российский""  молодой фас";2032320002936
2034;"Сыр ""Маасдам""";2032510003171
2051;"Сыр ""Славянский""";2032110002986
2036;"Сыр плавленый ""Городской"" ";4601959004062
2037;"Сыр плавленый ""Кисломолочный""";4601959004253
2038;"Сыр плавленый ""Славянский""";4601959004222
2039;"Сыр плавленый ""Русич""";4601959004208
-1;"Сыр плавленый ""Кавказский""";4601959004314
2041;"Сыр плавленый ""С грибами для супа""";4601959004284
3001;"Коврижка медовая Любительская с изюмом (ПО ""Шекснахлеб"")";
3002;"Сухари Молочные (ПО ""Шекснахлеб"")";
3022;Сухари Маковые ;
3025;"Сухари ""Киевские"" с изюмом (ПО ""Шекснахлеб"")";
3003;Шакер - чурек в контейнере 0,420;
3013;Шакер - чурек весовое;
3004;"Щербет ""Арахисовый"" ";
3024;"Щербет ""Нежный""";
3005;"Конфеты "" Фруктово-ягодный сахар""  в контейнере 0,300";
3020;"Конфеты ""Фруктово-ягодный сахар""весовые";
3006;Курабье Бакинское в контейнере 0,360 гр (ПО ШекснаХлеб);
3014;Курабье Бакинское весовое;
3007;Шакер-пури в контейнере 0,360 гр (ПО ШекснаХлеб);
3015;Шакер-пури весовое;
3008;"Кекс ""Творожный с изюмом"" в контейнере 0,360 (ПО ШекснаХлеб)";
3016;"Кекс ""Творожный с изюмом"" весовое";
3009;"Печенье ""Заварное"" в контейнере 0,280 гр (ПО ШекснаХлеб)";
3017;"Печенье ""Заварное"" весовое";
3010;"Печенье ""Листик"" в контейнере 0,4 гр (ПО ШекснаХлеб)";
3018;"Печенье ""Листик"" весовое";
3019;"Печенье ""Песочное"" весовое";
3030;"Печенье ""Песочное"" в конт. 0,4кг";
3021;"Печенье ""Молочай""  весовое";
3037;"Печенье ""Молочай творожный""";
3039;"Печенье ""Крустиланта"" зерновая";
3011;Сочни с творогом из песочного теста 0,110 (ПО Шекснахлеб);
3012;Сочни с вареной сгущенкой из песочного теста;
3026;"Печенье ""Звездочка"" контейнер ";
3027;"Печенье ""Звездочка"" ";
3028;"Печенье  ""Перышко""  0,46 кг.";
3040;"Печенье  ""Перышко"" вес.";
3029;"Печенье ""Елочка"" ";
3031;Колбаска сливочная востоные сладости  0,250 контейнер;
3032;Печенье Кофейное Ассорти весовое;
3033;Печенье Шоколадное Ассорти весовое;
3034;"Печенье ""Мария"" 300 гр";
3035;"Печенье ""Сластена"" 300 гр";
3036;"Печенье "" Нежное"" с кунжутом"" 300 гр";
3038;Печенье Мария/Сластена весовое;
14001;Сушка с маком;4607063420309, 4610008335842,4610008333794
14004;"Сушка ""Горчичная"" фас.";4610008335811
14034;Сухари в ассортименте;
16004;Сухари в асс-те Череповецкие 0,5 гр (ЧХК);4603357000790,4603357011031,4603357000738,4603357000660,4603357002398
16032;"Печенье ""Ванильная нежность"" весовое";
16037;Печенье Творожное (ЧерХлебКомб);
16022;"Тортик ""по - домашнему"" 0,100гр";
16024;"Батон ""Нарезной"" пол/наре.0,200 гр ";4603357006495
16025;"Хлеб ""Дарницкий"" нарезка 0,325 гр ";4603357006501
16026;Бублик с маком;
16027;"Пирожное "" Картошка с обсыпкой"" 0,240";4603357006563
16033;Пирожное Муравьиный дом (уп 2 шт);
16034;Пирожное Песочное глазиров. помадой;
16038;Пироженое Эклер с обсыпкой 0,150;
16028;торт Веселая буренка 850 гр;4603357006358
16029;торт Гритинский 500гр;4603357009601
16030;торт Пинча Кучерявый 1кг;4603357004576
16035;торт Бисквитно-Кремовый 500 гр;4603357009946
16036;торт Милютинский 600 гр;4603357011147
16048;"Конфеты птичье молоко"" Северные узоры""";
16054;Хлебцы Шотландские в уп. 0.1 кг;
4001;Конфеты «Клюковка» в коробке 250 гр;4607068491236
4002;Конфеты Клюковка весовые;
4116;Конфеты Клюковка весовые  б/з;
4003;Конфеты Птичка вологодская весовые;
4022;"Конфеты ""Птичка Вологодская с брусникой""";
4105;"Конфеты ""Вологодская птичка"" пенал 150 гр";
4004;Мармелад с Ягодами клюквы весовой;
4005;Мармелад имбирный;
4038;Мармелад Фантазия со вкусом клубники;
4035;"Мармелад ""Дары Осени""";
4039;Мармелад Антистресс;
4040;"Мармелад ""Вологодские Забавы"" ";
4041;"Мармелад "" Сладкий серпантин""";
4066;"Мармелад ""Морковный""";
4067;"Мармелад ""Кленовый""";
4068;"Мармелад ""Вологодский колейдоскоп"" с черникой";
4071;Мармелад со вкусом грейпфрукта;
4073;Мармелад «Благодатный» с ИВАН-ЧАЕМ;
4077;Мармелад Коктейль (сокосодержащий, незавернутый);
4117;"Мармелад ""Со вкусом дыни""";
4118;"Мармелад  ""С орешками""(грецкий орех)";
4119;"Мармелад ""Со вкусом ананаса и кокоса""";
4007;"Зефир "" Вилюрный"" весовой";
4008;"Зефир "" Ванильный"" весовой";
4009;"Зефир ""Сливочный"" весовой";
4010;"Зефир ""Грибы"" весовой";
4011;"Зефир ""Банан"" весовой";
4016;"Зефир в шоколаде ""Классика""";
4017;"Зефир ""5 баллов"" весовой";
4018;"Зефир ""Клубника со сливками"" весовой";
4021;Зефир в шоколаде с брусникой;
4023;Зефир Пломбирчик (в завертке)4 кг;
4028;Зефир в шок с облепиховым джемом;
4029;Зефир Вологодское лукошко со свеклой;
4030;Зефир Вологодское лукошко с морковью;
4031;Зефир Вологодское лукошко с аронией;
4032;"Зефир ""Чудный""  с я годами годжи";
4033;Зефир с Морской капустой;
4034;"Зефир  ""Кофейно-Сливочный"" ";
4036;Зефир Колобок;
4042;"Зефир  ""Со сгущенкой"" ";
4043;"Зефир  ""Со вкусом сливок"" ";
4045;"Зефир ""Вологодский""";
4046;"Зефир ""С курагой""";
4050;"Зефир ""С черносливом""";
4047;"Зефир  ""Ассорти""";
4049;"Зефир "" Со вкусом йогурта"" ";
4051;Зефир Крем-Брюле;
4065;Зефир Бело-розовый ;
4069;"Зефир  ""Облачко""";
4110;"Зефир ""С лимончиком""";
4111;"Зефир ""С морошкой""";
4112;Зефир на фруктозе в ассортименте;
4115;"Зефир ""Одуванчик""";
;"Зефир ""К чаю""";
4103;"Зефир глазированный"" Ягодные фантазии""";
4108;Зефир 5 баллов к/к 240 гр;
4109;Зефир 5 баллов 180 гр (Отличный);
4013;Мармелад с ягодами клюквы коробка;4607068494169
4014;Мармелад имбирный коробка;4607068495579
4048;Мармелад Антистресс  коробка 270 гр;
4037;"Мармелад "" С топинамбуром"" коробка 0,2 кг ";4607068495647
4107;Мармелад Ассорти на фруктозе коробка 200 гр;
4019;Карамель малина+киви+лимон+имбирь;4607068495845
4020;Карамель барбарисовая ;4607068495302
4078;Карамель Дюшесовая;4607068497252 
4083;"Карамель ""Рачки-бодрячки"" п/п 0,200гр ";
14003;"Конфеты ""Гулли"" 0,03 гр ";
4024;Монпансье Леденцовое в асс-те;4607068495357,4607068496125 
4044;Монпансье Леденцовое в асс-те 130 гр;4607068490321
4101;"Карамель мини ""С кунжутом"" 50 гр";
4025;"Карамель ""Театральная афиша"" на палочке";
4026;"Суфле""Дважды два"" в завертке";
4027;Вафельные Хрустяшки в завертке;
4060;"Драже ""Лимонная свежесть"" 250 гр";4607068495067 
4061;Драже Заморские камешки 40 гр(Пирамидка);4607068497719 
4100;"Драже ""Арахис в какао"" 50 гр";
4062;Конфеты Везучая  весовые;
4074;Конфеты Оригинальные (10 заповедей ДМ) (в/з);
4075;Конфеты Айва (в/з);
4079;"Конфеты ""Чернослив"" в/з ";
4080;"Конфеты ""Курага"" в/з ";
4081;"Конфеты ""Добрячок"" в/з ";
4099;"Конфеты ""С халвой"" в/з ";
4082;"Ирис ""Борис"" в/з (ВолКонд)";
4063;"Пастила ""Ореховая"" ";
4064;"Пастила ""ЖЕМАНЭЛЬ""";
4113;"Пастила ""Яблочная""";
4114;Пастила на фруктозе в ассортимете;
4072;Зефир «Десертный» 90 гр;
4076;Пан Банан;4607068499744 
4102;"Драже ""Пан Банан"" 50 гр";
4104;"Драже ""Клюква в ШОКе"" ";
4106;"Драже ""Пан Фундук"" 45 гр";
5001;"Конфеты ""Мама Женя""";
5002;"Конфеты""Королевские""(Папа Коля)";
5015;"Конфеты ""Укус женщины""";
5004;"Конфеты ""Мечта женщины""";
5005;"Конфеты ""Слатушонина""";
5010;"Конфеты ""Вологодская сказка""";
5008;Драже Ассорти 330 гр бутылка;4607104564283
5007;Драже Ассорти весовое;
5009;"Конфеты ""Шекснинский рай""";
5011;"Конфеты ""Кочегар Петя""";
5012;Фруктовые в фольге ;
5013;Плотник Вася ;
5014;Колхозница Глаша ;
5020;"Конфеты""Нежный вкус""";
5021;"Конфеты ""Мидель""";
5022;"Конфеты ""Вечность""";
5016;"Конфеты ""Слатушонина""подарочные 270 гр";4607104564306
5017;"Конфеты ""Кочегар Петя"" коробочка 350 гр";4607104561305
5018;Шоколадки Ассорти весовые;
5023;Конфеты Кофейный Аромат;
5024;Конфеты Лунный Свет;
5025;"Конфеты ""Шексна""";
5026;"Конфеты ""ЛЖЖАНО""";
5027;"Конфеты ""Жизнь удалась"" ";
5028;"Конфеты ""Слеза мужчины""";
5029;"Конфеты ""Жолнер""";
5030;"Конфеты ""Владыка Мира";
5031;"Конфеты ""Ребус"" бутылочки ";
5032;"Конфеты ""Шекснинская сладость"" ";
5033;"Конфеты ""Хохотушка Маша"" ";
5034;"Конфеты ""Заводная Теща""";
5035;"Конфеты ""Гламурный отдых""";
5036;"Конфеты ""Милому созданию"" ";
5037;"Конфеты ""Чудесные Игрушки""";4607104564498
5038;"Конфеты ""Дворцовые"" 350 гр";"4607104561299 
4607104561299"
5039;"Конфеты ""Европейские"" в фольге 190 гр ";4607104560674
5040;"Конфеты ""МАМА ЖЕНЯ"" 220 гр ";4607104561749
5041;"Конфеты ""Бемоль""";
5042;"Конфеты ""Марина""";
5043;"Конфеты ""Радуга"" ";
5054;Конфеты Юма;
5055;"Конфеты ""Веселое путешествие"" ";
5056;Конфеты Моей Лианне ;
5057;"Конфеты ""Попробуй и ахнешь""";
5062;"Конфеты ""Сердце востока""";
5044;Конфеты Подарочный набор 280 гр;4607104561183 
5046;Конфеты Подарочный набор  260гр ;
5047;"Драже ""Арахис"" 120гр";4607104565105 
5048;"Драже ""Ассорти"" 140гр";4607104565099 
5049;"Драже ""Ты и Я"" 100гр ";4607104565167 
5050;"Драже ""Лесное Лукошко"" 130гр ";4607104565068 
5051;"Драже ""Акварель"" 140гр";4607104565150 
5058;"Драже ""Марина"" 140гр";4607104565570 
5059;"Драже ""Морской бриз"" 150гр";4607104565976 
5060;"Драже ""Свежее дыхание"" 100гр";4607104565556
5061;"Драже ""Калям-малям"" 100гр";4607104566010 
5063;"Драже ""Победителям"" 150 гр";
5052;"Конфеты ""Всегда С тобой"" 80 гр ";
5053;"Конфеты ""Элитный продукт"" марципан 80гр";
5064;"Конфеты ""В мире цирка"" 55 гр";
5065;"Драже ""Мечта женщины"" 100 гр";
5066;"Шоколадки ""Дедушкины воспоминания"" 60 гр";
5067;"Конфеты ""Гламурный отдых"" ПАКЕТ 200 гр";
5068;"Конфеты ""Жизнь удалась"" ПАКЕТ 200 гр";
5069;"Конфеты ""Кочегар Петя"" ПАКЕТ 200 гр";
5070;"Конфеты ""Мама Женя"" ПАКЕТ 200 гр";
5071;"Конфеты ""Милому созданию"" ПАКЕТ 200 гр";
5072;"Конфеты ""Папа Коля"" ПАКЕТ 200 гр";
5073;"Конфеты ""Слатушонина"" ПАКЕТ 200 гр";
5074;"Напиток ""Базилик"" в ассортименте";
7001;Соус Краснодарский 530 гр;4607054280479
7003;Соус Шашлычный 530 гр;4607054280356
7005;Соус Кубанский 530 гр;4607054280608
7012;Томатная паста 530 гр;4607054280202
7013;Томатная паста 270 гр;4607054280196
7042;"Соус томатный аппетитный ""ХРЕНОВИНА"" ";4607054280394
7043;Горчица Столовая острая ст/б 180 гр ;4607054280929
7017;"Майонез ""Любимый"" 35 % 400 гр ведро ";4607054281032
7018;"Майонез ""Любимый"" 50 % 400 гр ведро ";4607054280455
7019;"Майонез ""Любимый"" 67 % 400 гр ведро";4607054280448
7033;"Майонез ""Любимый"" 15 % 400 гр ведро";4607054280615
7032;"Майонез ""Любимый"" 35 % 800 гр. ведро";4607054280653
7031;"Майонез ""Любимый"" 50% 800 гр. ведро";
7045;"Майонез ""Любимый"" 15 % 800 гр. ведро ""Постный""";
7053;"Майонез ""Классический с льняным маслом"" 50% 380 гр дой-пак ";4607054280011 
7055;"Майонез ""Классический с льняным маслом"" 35% 380 гр дой-пак ";4607054280752 
7020;Масло Золотая Мечта раф.дез. 0,9 л ;4607054280134
7034;"Масло ""Золотая Мечта"" раф.дез. 0,8";4607054280127
7021;Масло Золотая мечта нераф. 0,9 л;4607054280172
7035;Масло Золотая мечта нераф. 0,8 л;4607054280165
7022;Повидло Яблочное 600 гр ст/б ;4607054281001
7023;Повидло Вишневое 600 гр ст/б ;4607054281049
7027;"Конфитюр ""Абрикос с курагой"" 430 гр ст/банка";4607054280790
7028;"Конфитюр ""Клубника"" 430 гр ст/банка";4607054280080
7029;"Конфитюр ""Малиновый"" 430 гр ст/банка";4607054280097
7030;"Конфитюр ""Черника"" 430 гр ст/банка";4607054280103
7024;"Говядина тушеная Премиум ""Вологодский стандарт"" в/с ключ 325 гр ";4607056460022
7051;Завтрак туриста Говядина;4607056460510 
7025;"Свинина тушеная Премиум ""Вологодский стандарт"" ключ 325 гр .";"4607056460596  
4607056460596 
4607056460596
4607056460596"
7026;Завтрак туриста Свинина;4607056460497 
11097;Свинина тушеная высший сорт;
13001;Мясо цыпленка в собственном соку ГОСТ;4607106261906
13002;Цыпленок,мясо ветчинное, консервы 250гр ;
15001;"Пюре натуральное ""Клюква"" п/ф 0,6 кг ";
15002;"Пюре натуральное ""Брусника"" п/ф 0,6 кг";
15003;"Пюре натуральное ""Черника"" п/ф 0,6 кг";
15004;"Пюре натуральное ""Голубика"" п/ф 0,6 кг";
15005;"Пюре натуральное ""Малина"" п/ф 0,6 кг";
15013;"Пюре натуральное ""Ежевика"" п/ф 0,6 кг ";
15014;"Пюре натуральное ""Клубника"" п/ф 0,6 кг ";
15017;"Пюре натуральное ""Вишня"" п/ф 0,6 кг";
15021;"Пюре натуральное ""Крыжовник"" п/ф 0,6 кг";
15023;"Пюре натуральное ""Черная смородина"" п/ф 0,6 кг";
15006;"Пюре натуральное ""Клюква"" п/ф 0,25 кг";
15007;"Пюре натуральное ""Брусника"" п/ф 0,25 кг";
15008;"Пюре натуральное ""Черника"" п/ф 0,25 кг ";
15009;"Пюре натуральное ""Голубика"" п/ф 0,25 кг";
15010;"Пюре натуральное ""Морошка"" п/ф 0,25 кг";
15011;"Пюре натуральное ""Малина"" п/ф 0,25 кг";
15018;"Пюре натуральное ""Вишня"" п/ф 0,25 кг";
15012;"Подарочный набор ""Пюре ягодное"" 3*50 гр";
15015;"Пюре натуральное ""Ежевика"" п/ф 0,25 кг ";
15016;"Пюре натуральное ""Клубника"" п/ф 0,25 кг";
15019;"Пюре натуральное ""Черная смородина"" п/ф 0.25 кг";
15020;"Пюре натуральное ""Облепиха"" 0,3 кг ";
15022;"Пюре натуральное ""Крыжовник"" п/ф 0,3 кг ";
11001;Колбаса Докторская кат. А (батончик по 400 гр);
11015;Колбаса Молочная в натуральной оболочке кат.Б ;
11003;Сосиски Молочные кат Б ;
11004;Сардельки молочные в нат.обол.кат. Б;
11005;Колбаса Русская п/к(400-500 гр);
11006;Колбаса Юбилейная в/к в/с в/у (700-800 гр);
11090;Колбаса Юбилейная в/к 1 сорт;
11008;Новомосковская в/к в/у(300-400 гр);
11009;Сервелат Боярский в/к в/у 300 гр;
11010;Бок свиной в/к в/у( 700-800 гр);
11011;"Свинина ""Челси"" в/у(300-500 гр)";
11013;"Сыровяленые колбаски""Итальянские""(200гр)";
11007;Краковская п/к оригинальная ( 600-700 гр);
11012;Говядина с/к в в/у  ( 200-300 гр);
11016;Сервелат Ореховый в/к (300-400 гр);
11017;Ветчина в оболочке вареная;
11002;Колбаса Ветчинная вареная (батончик по 400 гр);
11014;Пастрома птицы с/к в/у (200 гр);
11018;Сосиски с сыром ;
11019;Сервелат Невский п/к (300-400 гр);
11020;Колбаса Русская кат Б ВАРЕНАЯ ( 2 кг);
11021;Венская Салями;
11022;Шпик копченый острый ;
11023;Шпик соленый домашний;
11024;Шпик копченый кубанский;
11025;Грудка птицы(куриная) к/в в/у(500 гр);
11026;Буженина Праздничная;
11027;"Карбонад ""Восточный"" к/в в в/у";
11028;"Колбаса ""Российская"" в/к( 300 гр)";
11029;Говядина особая ( к/в ) в/у (900 гр);
11030;Окорочок птицы куриный в/у к/в (400 гр);
11031;Шейка Подмосковная к/в в/у  в.с.(1000 гр);
11032;Колбаса Рубцовая вареная;
11033;Балык свиной с/к в/у( 500 гр);
11035;Сервелат мускатный в/к;
11036;Филе куриное Южное (к/в) в/у( 300 гр);
11037;"Колбаски полукопченые ""Шашлычные""";
11038;Колбаса Варшавская в/к ;
11039;"Колбаса вареная ""Свиная"" ";
11040;"Колбаса ""Свиная"" п/к ";
11041;Купаты свиные по Череповецки;
11042;Колбаски гриль с сыром ;
11043;Сервелат  с/к ;
11044;Балыковая  с/к  б/с;
11045;Московская с/к в/с;
11054;Столичная с/к в/с;
11086;Колбаса Парижский сервелат с/к;
11087;Колбаса Салями Подмосковная с/к;
11052;Ветчина Купеческая вареная;
11046;"Балык ""Семейный"" к/в";
11047;Карпаччо из свинины  с/к (150 гр);
11048;Карпаччо из говядины с/к (150 гр);
11049;"Колбаски п/к  ""Снеки"" ";
11050;"Окорок ""Мичуринский"" в/у к/в ( 500 гр)";
11051;Холодец;
11053;Колбаса Молочная кат.Б;
11055;Ветчина куриная в оболочке;
11056;Фарш по домашнему;
11061;Дворянская вареная ;
11062;Сосиски Прибалтийские;
11063;Продукт Слоеный;
11074;Колбаса Сливочная вареная;
11077;Шейка свиная с/к в/у;
11078;Салями Королевская с/к ;
11079;Сервелат по-фински с/к ;
11080;Ребра свиные с/к 2 сорт;
11083;Румяная Корочка грудинка к/в в/у;
11084;"Продукт ""Ассорти в Форме""";
11085;Балык свиной с/к (нарезка) 180 гр;
11092;Балык семейный к/в (нарезка) 180 гр;
11093;Карбонад Восточный к/в  (нарезка) 180 гр;
11094;"Ветчина "" Калейдоскоп"" ( нарезка ) 180 гр";
11098;Колбаса Балыковая п/к ( 300 гр);
11099;Сервелат Питерский;
12002;Колбаса Сальчича (ЧерМясКомб);
12003;Пастрома из мяса индейки с/к в вак.уп ;
12005;Рулька свиная к/в в/у;
12006;П\ф мяс.б\к кат.А Гуляш из говяд.ЧМК;
11081;Колбаса ВМК 100% в мод. газ. Среде;
12007;Сардельки Вологодские с нат.сливочным маслом ВМК;
12008;Пастрома Деликатесная к/з ВМК;
11095;Буженина запеченая (МиМп);
11096;Рулька запеченая (МиМп);
12009;Колбаса Вологодская п/к 300г вак. ВМК;
12010;Карбонад Московский к/в вак. ВМК;
12011;Сервелат Французский п/к 300г вак.ВМК;
12012;Сосиски Филейные 350г ВМК;
12013;Колбаса Говяжья вар.кат.А 500г. ВМК;
12014;Окорок Вологодский к\в вак.порц.ВМК;
12015;Колбаса Краковская ВМК;
11068;"Бекон ""Семейный"" НАРЕЗКА  с/к 200 гр (Агромясопром)";4607082743564
11091;"Бекон ""По Венски""";"
4607082743700"
11069;Шинка Русская  к/в нарезка (Агромясопром);
11070;"Сардельки ""Говяжьи"" кат А  н/о (Агромясопром)";
11071;"Колбаски ""Пепперони"" сыровяленые 130гр. (Агромясопром)";
11072;"Студень "" Домашний"" мясной 250 гр  (Агромясопром)";
11075;"Балык "" По-барски"" с/к 100гр вак.уп.(АгроМясоПром)";
11076;"Корейка ""Княжеская""с/к 100 гр вак. уп  (Агромясопром)";
11088;"Сосиски ""Олимпик""";4607082741652 
11089;"Колбаски ""Берлинские"" п/к кат В н/о (АгроМясоПром)";
11057;"пельмени ""Великоустюгские"" 0,8кг ( ВелУстюг)";4607087290193 
11058;"пельмени ""От Деда Мороза""0,4кг ( ВелУстюг)";4607087290087 
11059;"пельмени ""Для любимых"" с телятиной0,4 кг ( ВелУстюг)";4607087290155 
11060;"Пельмени ""Шеф Повар"" по-русски  (ВелУстюг)";
11073;"пельмени ""Сухонские""0,4кг в холщ. мешочке";4607087290094 
11064;Вареники с картофелем и грибами 0,350;
11065;Вареники с картофелем и луком  0,350;
11066;"Котлета ""Домашняя"" 0,375";4607087290209 
11067;"Ромштекс ""Ароматный""  0,375";4607087290353 
11082;"Котлета ""Московская""  0,375";4607087290216 
12004;Пельмени Мясной дворик классические 500 гр;
14029;"Вафли ""Сливочные"" весовые";
14030;"Вафли ""Шоколадные"" весовые";
14007;"Вода ""Васильевский родник"" газированная 1,5 л";4610008332995
14008;"Вода ""Васильевский родник""  негазированная 1,5 л";4607063428114
14009;"Вода ""Васильевский родник""  0,5 (ВолХлебКомб)";4607063428107
14010;"Вода ""Васильевский родник"" газированная 0,5 (ВолХлебКомб)";4610008332971
14022;"Вода ""Васильевский родник"" 5л  (ВолХлебКомб)";4607063428121 
10002;Лимонад из Кириллова;4607082950016
14011;"Пряник ""Из Вологды"" ";4610008332971
14012;"Пряник ""Яблочный""";4607063423485 
14013;"Батон ""Нарезной"" пол/наре. 200 гр";4607063424031
14109;"Батон ""Нарезной"" нарезка 0,400 гр (ВолХлебКомб)";
14074;Батон с отрубями 0,300 ;
14014;"Хлеб ""100 % Ржаной""";4610008331226
14015;"Хлеб ""Дарницкий"" нарезка";
14016;"Хлеб ""Пшеничный""";
14017;"Хлеб ""Тонус пшеничный""";
14020;"Хлеб ""Восемь злаков"" 0,200 гр (ВолХлебКомб)";4610008331325
14021;"Хлеб ""Гречишный"" 0,300 гр (ВолХлебКомб)";4607063422570
14031;"Хлеб ""Бездрожжевой""";4610008333237 
14018;Пампушки с чесноком;4610008335552, 4607063429210
14033;"Печенье ""Овсяное"" классическое ";
14038;"Печенье ""Ароматное""";
14039;Печенье Творожное   (ВолХлебКомб);
14040;Сухари панировочные  0,5 кг;4607063428374 
14042;"Печенье ""Кокосовое""  весовое  (ВолХлебКомб)";
14043;"Торт ""Паутинка"" 0,500 гр";
14044;"Торт ""Песочный к чаю"" 600 гр ВХК";
14045;"Торт ""Брусничный"" 600 гр ВХК ";
14046;"Торт ""Йогуртовый"" 550 гр ВХК";
14050;Торт Сметанно- малиновый 1 кг;
14051;"Торт ""Наполеон"" 700 гр";
14047;"Пирожное ""Картошка""  упаковка (5*40гр)";4610008336535
14048;"Пирожное ""Наполеончик"" упаковка (3*100гр)";4607063429494
14049;"Пирожное ""Вишневый десерт"" упаковка (4*75 гр)";
14052;"Пирожное ""Эклер"" (3*60 гр)";4610008336344 
14053;"Пирожное ""Трубочка заварная с арахисом""(3*50 гр)";
14067;"Пир. ""Нарезное"" (3*75 гр) (ВолХлебКомб)";
14054;Слоеное тесто 0,600;
14055;"Печенье ""Глазированное"" весовое";
14023;Кулич Пасхальный 350 гр;
14056;Кулич Праздничный 550 гр;
14026;"Кулич ""Светлая Пасха"" 300гр";
14057;"Набор Пасхальный "" Христос Воскрес"" 140 гр";
14058;Вологодская пастила ВИШНЯ в коробочке  300 гр;4627136390025
14119;Вологодская пастила ВИШНЯ в коробочке  150 гр;4627136390216
14059;Вологодская пастила МАЛИНА в коробочке 300 гр;4627136390049
14122;Вологодская пастила МАЛИНА в коробочке 150 гр;4627136390230
14060;Вологодская Монастырская пастила постная  350 гр;
14061;Вологодская пастила КЛАССИКА  в коробочке  300 гр;4627136390018
14118;Вологодская пастила КЛАССИКА  в коробочке  150 гр;4627136390209
14065;Вологодская пастила КЛЮКВА в коробочке 300 гр;4627136390056
14120;Вологодская пастила КЛЮКВА в коробочке 150 гр;4627136390247
14073;Вологодская пастила ЧЕРНИКА в коробочке  300 гр;4627136390032
14121;Вологодская пастила ЧЕРНИКА в коробочке  150 гр;4627136390223
14068;Вологодская пастила без сахара и без ФРУКТОЗЫ 230 гр;4627136390070
14123;Вологодская пастила без сахара и без ФРУКТОЗЫ 115 гр гр;4627136390261
14124;Вологодская пастила диетическая ВИШНЯ 230 гр;4627136390087
14125;Вологодская пастила диетическая ВИШНЯ 115 гр;" 4627136390285
4627136390285"
14126;Вологодская пастила диетическая КЛЮКВА 230 гр;4627136390124
14127;Вологодская пастила диетическая КЛЮКВА 115 гр;"4627136390315
4627136390315"
14128;Вологодская пастила диетическая ЧЕРНИКА 230 гр;4627136390094
14129;Вологодская пастила диетическая ЧЕРНИКА 115 гр;4627136390292
14130;Вологодская пастила диетическая МАЛИНА 230 гр;4627136390100
14131;Вологодская пастила диетическая МАЛИНА 115 гр;4627136390308
14062;Хрустики с Малиной 60гр;4627136390599
14063;Хрустики с Черникой 60гр;4627136390582
14064;Хрустики Классические 60гр;4627136390551
14066;Хрустики с Клюквой 60гр;4627136390575
14072;Хрустики  без сахара 50гр;4627136390605
14101;Хрустики с Вишней 60гр;4627136390568
14139;Хрустики с Какао 60гр;4627136390551
14070;"Яблочные палочки без сахара и фруктозы ""Фитнес""  150 гр";7930050760254 
14071;Смоква классическая  50 гр;7930050760131,7930050760063,7930050760056,7930050760124,7930050760100 
14102;Сыр Яблочный Вологодский;4627136390407
14134;Сыр Яблочный Вологодский грецкий орех и корица;4627136390414
14135;Сыр Яблочный Вологодский с вяленой грушей;4627136390421
14136;Сыр Яблочный Вологодский с имбирем;4627136390452
14103;"Воздушный зефир ""Маршмеллоу""";
14132;Фрустила фруктовая банан/клюква;4627136390704
14133;Фрустила манго/клюква;4627136390728
14137;Щербет пастильный с орехом и корицей;4627136390469
14138;Щербет пастильный с цукатами;4627136390483
4052;"Набор конфет ""Вотчина Деда Мороза""0,27";4607068495883
4053;"Набор конфет ""Новогоднее путешествие"" 150 гр";4607068495890
4054;Зефир с брусникой 250 гр;4607068495876 
4055;Зефир в шоколаде 250 гр;4607068495869
4056;"Конфеты ""СЛАДКАЯ БАНДЕРОЛЬ""";4607068495418
4057;Конфеты Птица-Тройка 0,15;4607068498242
4058;Набор конфет Танцующий Дед Мороз;4607068498112 
4059;Конфеты Сказочный гостинец 0,25;4607068498129
4084;Пастила «Фабричная с орехами» Новый Год 255 гр;4680025150124 
4085;Мармелад «Антистресс» Новый Год 270 гр;4680025150162 
4086;Новогодняя сказка, набор конфет 300 гр;4607068499997 
4087;Мармелад «Вологодские забавы» Новый Год 100г;4607068495821 
4088;"Драже ""Легкий перекус"" Новый год 20 гр";4607068497726 
4089;Календарь Деда Мороза 272 гр;4680025150261 
4094;Арахис в какао порошке 35гр ;
4095;Душа Русского Севера 180гр;4607068494466 
4096;Новогодняя открытка;4680025150285 
4097;Хоровод;4680025150292 
4098;Петя;
4090;Подарок НГ № 1;
4091;Подарок НГ № 2;
4092;Подарок НГ № 3;
4093;Подарок НГ № 4;
16011;"Пряники ""Ореховые"" ";
16041;"Пряники ""Молочные"" 400 гр";4630012160445
16042;"Пряники ""Клюквенные"" 400 гр";4630012160346
16045;"Пряники ""Сливочные"" 0,400 гр";4630012160476
16046;"Пряники ""Мятные"" 0,400 гр";4630012160407
16055;"Пряники ""Любимые"" 0,400 гр";4630012160414 
16056;"Пряники ""Шоколадные"" 0,400 гр";
16023;Пряники весовые;
16043;пряник Кирилловский 250гр ;
16044;Печенье Ореховое ;
14117;Сухари в ассортименте;
16006;Вологодская клюква в сахарной пудре;4640007290019
17001;"Яйцо  ""Десяток"" ";4607103690082
17010;"Яйцо 1 кат. ""Десяток"" (п.Парфеново)";
16051;"Карамель ""В Ассортименте""  0,28 ";
16052;"Карамель ""В Ассортименте""  0,25 нов.год";
16053;"Карамель ""Зебра ""  0,44 ";
16049;Пряники шоколадные 0,47;
16050;Пряники Великоустюгские 0,47;
16063;"Печенье ""Айгуль""весовое";
16064;"Печенье  ""Листик""  вес";
16065;"Карамель ""Петушиные гребешки""";
16066;Козули сердечки;
7037;"Семена льна ""Традиции Севера""";4620006730099
7038;"Мука из жмыха семян льна ""Традиции Севера""";4620006730167
7039;"Семена кунжута ""Традиции Севера""";4620006730150
7047;"Мука из жмыха семян кунжута ""Традиции Севера"" 150г";4620006730167 
7040;"Семена тыквы ""Традиции севера""";4620006730198
7041;"Семена горчицы ""Традиции Севера""";4620006730181
7052;"Семена Расторопши ""Традиции Севера""";
7044;"Масло Льняное ""Традиции Севера"" нераф. 350 мл";
7036;"Масло Льняное ""Вологодское"" нераф. 460 мл пл/б";4620006730013
7046;"Масло Льняное ""Вологодское"" нераф. 250 мл пл/б";4620006730174
7049;"Масло Горчичное ""Традиции Севера"" нераф. 350 мл пл/б";
7050;"Масло Расторопши ""Традиции Севера"" нераф.350 мл пл/б";
7054;"Масло кунжутное ""Традиции Севера"" нераф. 350мл  пл/б";
10003;Во!Мёд Луговой;
10004;Во!Мёд Донник;
10005;Во!Мёд Полевой;
10006;Во!Мёд Яблочный;
10007;Во!Мёд Акация;
7048;Сладкие Морковные дольки 130,гр;4631136087489 
7056;Сладкие Морковные дольки 90 гр ;7930043190167 
7057;Сладкие морковные сухарики 130гр;
16057;КУКУРУЗКА попкорн Соль 40гр;
16058;"Кукурузн.пал. ""Капитан Хруст"" Сладкие 60 гр";
14069;Иван - чай  ;7930053080007,7930053084999 
14100;"""Русский Иван-чай"" Деда Мороза";7930053080793 
14105;"""Русский Иван-чай"" Снегурочки";7930053080809 
14106;"""Русский Иван-чай"" Снеговика";7930053080823 
14107;"""Русский Иван-чай"" Зайчика";7930053080830 
14104;"""Русский Иван-чай"" Ёлочки";7930053080816 
14075;"Чай ""Белый пес""";4680287542118 
14076;"Чай ""Уральские Самоцветы""";4680287542163 
14077;"Чай ""Три Солнца""";4680287542149 
14078;"Чай ""Тепло Крыма""";4680287542156 
14079;"Чай ""Сила Кабана""";4680287542125 
14080;"Чай ""Белый пес""";4680287542170 
14081;"Чай ""Уральские Самоцветы""";4680287542194 
14082;"Чай ""Три Солнца""";4680287542200 
14083;"Чай ""Тепло Крыма""";4680287542217 
14084;"Чай ""Сила Кабана"""; 4680287542224 
14108;"Чай ""Жар-Птица""";
14085;Мощные корни д/женщин;
14086;Мощные корни д/мужчин;
14087;Иван-чай классический гранулированный 50 гр.(пакет);4600000000190 
14088;Иван-чай классический гранулированный 90 гр;4600000000053 
14089;Иван-чай гранулированный с брусникой  90 гр;4600000000046 
14090;Иван-чай гранулированный с вишней 90 гр;4600000000039 
14091;Иван-чай гранулированный со смородиной 90 гр;4600000000022 
14092;Иван-чай гранулированный с клюквой  90 гр;4600000000015 
14093;Иван-чай гранулированный с черникой  90 гр;4600000000176 
14094;Иван-чай гранулированный с черноплодной рябиной 90 гр;4600000000183 
14095;Иван-чай листовой «Царевна Дарья» 50 гр;4600000000138 
14096;Иван-чай листовой с ягодами клюквы и брусники «Северный» 50 гр;4600000000121 
14097;Иван-чай листовой с чабрецом «Император Александр» 50 гр;4600000000145 
14098;Иван-чай листовой с яблоком и корицей 50 гр;4600000000169 
14099;Иван-чай листовой с брусникой  50 гр;4600000000152 
14110;Иван-чай мелколистовой 60 гр;
14111;Иван-чай мелколистовой с мелиссой и мятой в пирамидках;
14112;Иван-чай мелколистовой с шиповником в пирамидках;
14113;Иван-чай мелколистовой  апельсин и лимон в пирамидках;
14114;Иван-чай мелколистовой  классический в пирамидках;
14115;Промо набор 1;
14116;Промо набор 2;
17002;Нарезка кеты с/с в/у 100гр ;4620763150130 
17003;Нарезка лосося с/с в/у 100гр;4620763150154 
17011;Нарезка семги с/с в/у 100гр;4620763150161 
17014;Нарезка семги с/с в/у 180гр.;
17012;Нарезка форели  с/с в/у 100гр; 4620763150185 
17015;Нарезка форели  с/с в/у 180гр.;
17013;Нарезка палтуса х/к в/у 200гр;4620763150994 
17009;Косичка скумбрия х/к 300 гр в/у  (п.Шулма);4620763153155 
15024;"Грибы ""Вологодские"" 350 гр";4605460000179 
15025;"Грибы ""Грибной бочонок"" 350 гр";4605460003958 
15026;"Грибы соленые ""Белые Грузди"" 580 гр";4605460006669 
15027;Грибы соленый грибной бочонок 580 гр;4607145721515 
15028;Лечо грибное 350 гр;4605460000261 
15029;Лечо грибное с лисичками 350 гр;4605460000223 
15030;Варенье Вологодское вишня 370 гр;
15031;Варенье Вологодское клубника 370 гр;
15032;Варенье Вологодское малина 370 гр;
15040;Варенье Вологодское черносмородиновое 370 гр;
15033;Джем Апельсин Вологодский  370 гр;
15034;Джем Клубника Вологодский 370 гр;
15035;Джем Брусника Вологодский 370 гр;
15036;Джем Лимон Вологодский;
15037;БРУСНИКА протертая с сахаром;
15038;КЛЮКВА протертая с сахаром;
15039;ЧЕРНИКА дробленная с сахаром;
16067;"Кекс ""Венский"" в ассортименте";
16068;Корж Русский Бисквит светлый ;
16069;Корж Русский Бисквит темный ;
16070;Мини-кекс Русский Бисквит в ассортименте;
16071;Пирожное Русский Бисквит бисквитное шоколадное 30 гр.*8 шт;
6007;ВАРЕНКА Вологодская топленая с сахаром СТАКАН;4601735000950
6008;КАКАО и молоко сгущенное с сахаром СТАКАН ;4601735000783
6009;СЛИВКИ сгущенные с сахаром СТАКАН ;4601735000790
6010;КОФЕ и молоко сгущенное с сахаром СТАКАН;4601735000776
6011;Молоко цельное сгущенное с сахаром СТАКАН;4601735000660
6001;ВАРЕНОЕ молоко сгущенное с сахаром Ж/Б;
6002;КОФЕ и Молоко сгущенное с сахаром Ж/Б;4601735000035
6003;КАКАО и Молоко сгущенное с сахаром Ж/Б;4601735000059
6004;СЛИВКИ сгущенные с сахаром Ж/Б;4601735000073
6005;Молоко цельное сгущенное с сахаром ПАКЕТ;
6012;Молоко цельное сгущенное с сахаром Ж/Б;4601735000868
6006;Молоко цельное сгущенное с сахаром Ж/Б;4601735000011
18003;Мороженое ДМ ваф стакан ван/шок крошка 70 гр;4607067931733
18004;Мороженое ДМ ваф стакан шок 70 гр;4607067931764
18005;Мороженое ДМ эскимо ван/шок гл 60 гр;4607067934482
18007;Мороженое ДМ ваф стакан фисташки 100 гр;4607067935427
18008;Мороженое ДМ ваф стакан малина 100 гр;4607067935984
18009;Мороженое ДМ ваф стакан плом/ван 70 гр;4607067932082
18044;Мороженое ДМ ваф стакан дыня;4607067937735
18031;Морож Супер Гигант рожок ван/клюк дж/шок глазури;4607067932143
18011;Морож Жемчужина России ваф ст  слив. 80 гр;4607067936820
18012;Морож Жемчужина России рожок слив. 110 гр;4607067936882
18013;Морож Ленинградское рожок пломбир 60 гр СПБ;4607067936745
18034;Мороженое Ленинградское рожок крем-брюле;4607067937339
18014;Морож Ленинградское брикет плом 220 гр СПб;4607067936776
18035;Мороженое Ленинградское брикет крем-брюле 220 гр;4607067937292
18050;Мороженое Ленинградское ваф ст крем-брюле 80*24;
18053;Морож Вологодский пломбир стак ваф 15% 100г*24;
18043;Мороженое Вологодский пломбир брикет 15% 250 гр;4607067937681
18040;Морож Филевский брикет шоколад с кус шок 220 гр;4607067936608
18041;Мороженое Филевский брикет фисташка 220 гр;4607067936561
18020;Морож Брикет «Семейное» Пломбир-Клуб-Шок 220 гр;4607067934703
18039;Мороженое Брикет Семейное Ван-Шокол 500 гр ;4600625314030
18052;Морож Айсберри шербет пласт ст ябл-груша 80*20;
18024;Морож Айсберри шербет пласт ст с черн см 80*20;4600625311688
18028;Мороженое 100% сок эскимо Персик-малина;4600625312425
18051;Мороженое 100% сок эскимо Яблоко-тропик;
18045;Мороженое КОТ ваф стакан банан;4607067937902
18046;Мороженое КОТ ваф стакан баблгам;4607067937896
18047;Фруктовый лед КОТ со вкусом яблока;
18061;Мороженое Вологодский пломбир брикет шоколад 250 гр;
18062;Мороженое АРТЕК плом ван в ваф стак 90 гр;
18063;Мороженое АРТЕК плом шоколад в ваф стак 90 гр;
18064;Морож АРТЕК плом ван с клубничн нап в ваф ст 90 гр;
18065;Морож АРТЕК плом ван с абрикос нап ваф ст 90 гр;
18066;Морож Вологодский пломбир эскимо в шок гл плом 80 гр;
18067;Морож Айсберри шербет пласт стакан мол тропик 80 гр;
;ВЫВОЗ КАРТОНА;
;МЕД ПОЛЕВОЙ;
;МЕД ЛУГОВОЙ;
;РАЗМЕН 10 руб.;
;Упаковки для яиц;
;Пакеты для мусора большие;
;Пакеты для мусора маленькие;
;Пакеты 26*35 ДЛЯ ТВОРОГА;
;Пакеты 26*35;
;Пакеты 18*27 ;
;Пакеты 16*24;
;Пленка пищевая ;
;Перчатки однораз. L ;
;Перчатки однораз. M ;
;Перчатки резиновые хоз. M;
;Перчатки резиновые хоз. L;
;Скотч узкий;
;Скотч широкий;
;Этикет-лента;
;Кассовая лента 80мм;
;Кассовая лента 57мм;
;Лента для терминала;
;Тряпка для пола;
;Средство для мытья пола;
;Салфетка хозяйственная;
;Средство для стекол;
;Бумага туалетная;
;Средство для мытья туалета;
;Губка для посуды;
;Чистящий порошок;
;Средство для мытья посуды;
;Мыло детское;
;Скобы для степлера №24/6;
;Скобы для степлера №10;
;Ручка шариковая;
;Маркер ;
;Пакеты с ручками Во!Молоко;
